Company ID,Company,Is Publisher,Statement ID,URL,Override URL,Companies House Number,Industry,HQ,Is Also Covered,UK Modern Slavery Act,California Transparency in Supply Chains Act,Australia Modern Slavery Act,Period Covered
6926,Airwair International Ltd,true,8754,https://www.drmartens.com/medias/sys_master/h47/h8d/8881030004766.pdf,,03009359,"Textiles, Apparel & Luxury Goods",United Kingdom,false,true,false,false,2015-2016
6933,Alfred Dunhill Limited,true,12650,https://www.dunhill.com/gb/Help/LegalArea/ModernSlaveryAct,,00191031,"Textiles, Apparel & Luxury Goods",United Kingdom,false,true,false,false,2016-2017
6933,Alfred Dunhill Limited,true,8761,https://www.dunhill.com/gb/Help/LegalArea/ModernSlaveryAct,,00191031,"Textiles, Apparel & Luxury Goods",United Kingdom,false,true,false,false,2015-2016
7063,BESTSELLER A/S,true,38773,https://about.bestseller.com/media/2723/modern-slavery-act-bestseller-statement-2017-18.pdf,"",,"Textiles, Apparel & Luxury Goods",Denmark,false,true,false,false,2017-2018
7063,BESTSELLER A/S,true,27061,http://about.bestseller.com/media/2289/modern-slavery-act-bestseller-statement-2016-17.pdf,,,"Textiles, Apparel & Luxury Goods",Denmark,false,true,false,false,2016-2017
7063,BESTSELLER A/S,true,8891,http://about.bestseller.com/media/1914/bestsellers-modern-slavery-statement-2016.pdf,,,"Textiles, Apparel & Luxury Goods",Denmark,false,true,false,false,2015-2016
7098,Bridge of Weir Leather Company,true,8926,http://www.bowleather.com/Heritage/Governance.aspx,,SC015274,"Textiles, Apparel & Luxury Goods",United Kingdom,false,true,false,false,2015-2016
7127,Burberry Group plc,true,35871,https://www.business-humanrights.org/sites/default/files/Transparency%20in%20the%20Supply%20Chain%20and%20Modern%20Slavery%20Statement%20-%20Burberry.pdf,,03458224,"Textiles, Apparel & Luxury Goods",United Kingdom,false,true,true,false,2018-2019
29694,Burberry Europe Holdings Limited,false,35871,https://www.business-humanrights.org/sites/default/files/Transparency%20in%20the%20Supply%20Chain%20and%20Modern%20Slavery%20Statement%20-%20Burberry.pdf,,,Diversified Financial Services,United Kingdom,true,true,true,false,2018-2019
29696,Burberry Haymarket Limited,false,35871,https://www.business-humanrights.org/sites/default/files/Transparency%20in%20the%20Supply%20Chain%20and%20Modern%20Slavery%20Statement%20-%20Burberry.pdf,,,Professional Services,United Kingdom,true,true,true,false,2018-2019
29697,Burberry Holdings Limited,false,35871,https://www.business-humanrights.org/sites/default/files/Transparency%20in%20the%20Supply%20Chain%20and%20Modern%20Slavery%20Statement%20-%20Burberry.pdf,,,Diversified Financial Services,United Kingdom,true,true,true,false,2018-2019
29693,Burberry International  Holdings  Limited,false,35871,https://www.business-humanrights.org/sites/default/files/Transparency%20in%20the%20Supply%20Chain%20and%20Modern%20Slavery%20Statement%20-%20Burberry.pdf,,,Capital Markets,United Kingdom,true,true,true,false,2018-2019
23502,Burberry Limited,false,35871,https://www.business-humanrights.org/sites/default/files/Transparency%20in%20the%20Supply%20Chain%20and%20Modern%20Slavery%20Statement%20-%20Burberry.pdf,,00162636,"Textiles, Apparel & Luxury Goods",United Kingdom,true,true,true,false,2018-2019
29698,Burberry London Limited,false,35871,https://www.business-humanrights.org/sites/default/files/Transparency%20in%20the%20Supply%20Chain%20and%20Modern%20Slavery%20Statement%20-%20Burberry.pdf,,,Diversified Financial Services,United Kingdom,true,true,true,false,2018-2019
29691,Burberrys Limited,false,35871,https://www.business-humanrights.org/sites/default/files/Transparency%20in%20the%20Supply%20Chain%20and%20Modern%20Slavery%20Statement%20-%20Burberry.pdf,,,"Textiles, Apparel & Luxury Goods",United Kingdom,true,true,true,false,2018-2019
29692,Burberry (UK)  Limited,false,35871,https://www.business-humanrights.org/sites/default/files/Transparency%20in%20the%20Supply%20Chain%20and%20Modern%20Slavery%20Statement%20-%20Burberry.pdf,,,Diversified Financial Services,United Kingdom,true,true,true,false,2018-2019
29695,Thomas Burberry Holdings Limited,false,35871,https://www.business-humanrights.org/sites/default/files/Transparency%20in%20the%20Supply%20Chain%20and%20Modern%20Slavery%20Statement%20-%20Burberry.pdf,,,Diversified Financial Services,United Kingdom,true,true,true,false,2018-2019
7127,Burberry Group plc,true,27609,https://www.burberryplc.com/content/dam/burberry/corporate/Responsibility/Responsibility_docs/Policies-and-Commitments-assets/Modern%20Slavery%20-%20California%20Statement%20-%20June%202018.pdf,,03458224,"Textiles, Apparel & Luxury Goods",United Kingdom,false,true,true,false,2017-2018
7127,Burberry Group plc,true,12162,https://www.burberryplc.com/content/dam/burberry/corporate/Responsibility/Responsibility_docs/Policies_statements/Policies/Updated_Policies/Modern%20Slavery%20-%20California%20Statement%202017.pdf,,03458224,"Textiles, Apparel & Luxury Goods",United Kingdom,false,true,true,false,2016-2017
23502,Burberry Limited,false,12162,https://www.burberryplc.com/content/dam/burberry/corporate/Responsibility/Responsibility_docs/Policies_statements/Policies/Updated_Policies/Modern%20Slavery%20-%20California%20Statement%202017.pdf,,00162636,"Textiles, Apparel & Luxury Goods",United Kingdom,true,true,true,false,2016-2017
7127,Burberry Group plc,true,8955,http://www.burberryplc.com/en/site-services/transparency-in-the-supply-chain-and-modern-slavery-statement.html,,03458224,"Textiles, Apparel & Luxury Goods",United Kingdom,false,true,true,false,2015-2016
7144,Camira Group Holdings Limited,true,34843,https://www.camirafabrics.com/getmedia/3bab429e-6a17-4381-852f-b48290ec39fc/POL-SPURC-001-R3_Modern-Slavery-Statement_UK,,09512739,"Textiles, Apparel & Luxury Goods",United Kingdom,false,true,true,false,2018
28397,Camira Fabrics GmbH,false,34843,https://www.camirafabrics.com/getmedia/3bab429e-6a17-4381-852f-b48290ec39fc/POL-SPURC-001-R3_Modern-Slavery-Statement_UK,,,"Textiles, Apparel & Luxury Goods",Germany,true,true,true,false,2018
28393,Camira Fabrics Limited,false,34843,https://www.camirafabrics.com/getmedia/3bab429e-6a17-4381-852f-b48290ec39fc/POL-SPURC-001-R3_Modern-Slavery-Statement_UK,,02215654,"Textiles, Apparel & Luxury Goods",United Kingdom,true,true,true,false,2018
28399,Camira Fabrics Shanghai Ltd,false,34843,https://www.camirafabrics.com/getmedia/3bab429e-6a17-4381-852f-b48290ec39fc/POL-SPURC-001-R3_Modern-Slavery-Statement_UK,,,"Textiles, Apparel & Luxury Goods",China,true,true,true,false,2018
28400,Camira Group Inc,false,34843,https://www.camirafabrics.com/getmedia/3bab429e-6a17-4381-852f-b48290ec39fc/POL-SPURC-001-R3_Modern-Slavery-Statement_UK,,,"Textiles, Apparel & Luxury Goods",United States,true,true,true,false,2018
28401,Camira Group Pty Ltd,false,34843,https://www.camirafabrics.com/getmedia/3bab429e-6a17-4381-852f-b48290ec39fc/POL-SPURC-001-R3_Modern-Slavery-Statement_UK,,,"Textiles, Apparel & Luxury Goods",Australia,true,true,true,false,2018
28394,Camira Transport Fabrics Limited,false,34843,https://www.camirafabrics.com/getmedia/3bab429e-6a17-4381-852f-b48290ec39fc/POL-SPURC-001-R3_Modern-Slavery-Statement_UK,,,"Textiles, Apparel & Luxury Goods",United Kingdom,true,true,true,false,2018
28395,Camira Yarns Limited,false,34843,https://www.camirafabrics.com/getmedia/3bab429e-6a17-4381-852f-b48290ec39fc/POL-SPURC-001-R3_Modern-Slavery-Statement_UK,,,"Textiles, Apparel & Luxury Goods",United Kingdom,true,true,true,false,2018
28396,Holmfirth Dyers Limited,false,34843,https://www.camirafabrics.com/getmedia/3bab429e-6a17-4381-852f-b48290ec39fc/POL-SPURC-001-R3_Modern-Slavery-Statement_UK,,,"Textiles, Apparel & Luxury Goods",United Kingdom,true,true,true,false,2018
31962,"Luna Textiles, Inc",false,34843,https://www.camirafabrics.com/getmedia/3bab429e-6a17-4381-852f-b48290ec39fc/POL-SPURC-001-R3_Modern-Slavery-Statement_UK,,"","Textiles, Apparel & Luxury Goods",United States,true,true,true,false,2018
28398,UAB Camira Fabrics,false,34843,https://www.camirafabrics.com/getmedia/3bab429e-6a17-4381-852f-b48290ec39fc/POL-SPURC-001-R3_Modern-Slavery-Statement_UK,,,"Textiles, Apparel & Luxury Goods",Lithuania,true,true,true,false,2018
7144,Camira Group Holdings Limited,true,30765,https://www.camirafabrics.com/help/modern-slavery-statement,,09512739,"Textiles, Apparel & Luxury Goods",United Kingdom,false,true,false,false,2017
7144,Camira Group Holdings Limited,true,8972,https://www.camirafabrics.com/sites/default/files/document-library/Modern%20Slavery%20Act.pdf,,09512739,"Textiles, Apparel & Luxury Goods",United Kingdom,false,true,false,false,2015
7191,Charles Tyrwhitt Limited,true,33827,https://www.ctshirts.com/uk/modern-slavery-statement/,,,"Textiles, Apparel & Luxury Goods",United Kingdom,false,true,false,false,2019
7191,Charles Tyrwhitt Limited,true,33826,https://www.ctshirts.com/uk/modern-slavery-statement/,,,"Textiles, Apparel & Luxury Goods",United Kingdom,false,true,false,false,2018
7191,Charles Tyrwhitt Limited,true,27394,https://www.ctshirts.com/uk/modern-slavery-statement/,,,"Textiles, Apparel & Luxury Goods",United Kingdom,false,true,false,false,2017
24522,CHARLES TYRWHITT SHIRTS LIMITED,false,27394,https://www.ctshirts.com/uk/modern-slavery-statement/,,02914928,Industry unknown,Country unknown,true,true,false,false,2017
7191,Charles Tyrwhitt Limited,true,9019,https://www.ctshirts.com/uk/modern-slavery-statement/,,,"Textiles, Apparel & Luxury Goods",United Kingdom,false,true,false,false,2016
7221,Coach Inc.,true,26672,https://www.tapestry.com/california-transparency-act-uk-modern-slavery-act-statement/,,,"Textiles, Apparel & Luxury Goods",United States,false,true,true,false,2016-2017
7222,Coats Group plc,true,27822,https://www.coats.com/-/media/Coats/Files/policies-and-downloads/coats_modern_slavery_statement_2018.pdf?la=en,,00103548,"Textiles, Apparel & Luxury Goods",United Kingdom,false,true,true,false,2017
7222,Coats Group plc,true,9050,http://www.coats.com/assets/files/cms/Statement_of_transparency_in_supply_chains.pdf,,00103548,"Textiles, Apparel & Luxury Goods",United Kingdom,false,true,false,false,2016
7443,Fred Perry Ltd,true,9271,https://d1yk18ot3qjyqd.cloudfront.net/skin/frontend/fredperry-rwd/default/pdf/FP_statement_modern_slavery_statement.pdf,,03114528,"Textiles, Apparel & Luxury Goods",United Kingdom,false,true,false,false,2015-2016
7484,"Glen Raven, Inc.",true,30265,https://www.glenraven.com/en_us/california-transparency-act,,,"Textiles, Apparel & Luxury Goods",United States,false,false,true,false,2016
7484,"Glen Raven, Inc.",true,9312,https://www.glenraven.com/en_us/uk-modern-slavery-act,,,"Textiles, Apparel & Luxury Goods",United States,false,true,false,false,2016
7515,Hackett Limited,true,9343,https://www.hackett.com/gb/legal-cookies?uk-modern-slavery-act/,,01872280,"Textiles, Apparel & Luxury Goods",United Kingdom,false,true,false,false,2015-2016
7692,Kering SA,true,35224,https://keringcorporate.dam.kering.com/m/484b58e0c28554dc/original/Kering-statement-on-modern-slavery-1.pdf,,,"Textiles, Apparel & Luxury Goods",France,false,true,true,false,2018-2019
28842,Bottega Veneta SA,false,35224,https://keringcorporate.dam.kering.com/m/484b58e0c28554dc/original/Kering-statement-on-modern-slavery-1.pdf,,,"Textiles, Apparel & Luxury Goods",Switzerland,true,true,true,false,2018-2019
28841,Gucci,false,35224,https://keringcorporate.dam.kering.com/m/484b58e0c28554dc/original/Kering-statement-on-modern-slavery-1.pdf,,,"Textiles, Apparel & Luxury Goods",Italy,true,true,true,false,2018-2019
7692,Kering SA,true,35130,https://keringcorporate.dam.kering.com/m/0d2bf253492a3bbe/original/Kering-statement-on-Modern-Slavery.pdf,,,"Textiles, Apparel & Luxury Goods",France,false,true,true,false,2017-2018
7692,Kering SA,true,9520,http://www.kering.com/sites/default/files/document/modern_slavery.pdf,,,"Textiles, Apparel & Luxury Goods",France,false,true,true,false,2015-2016
23006,Alexander McQueen Trading Limited,false,9520,http://www.kering.com/sites/default/files/document/modern_slavery.pdf,,,Industry unknown,Country unknown,true,true,true,false,2015-2016
23007,AUTUMNPAPER LIMITED,false,9520,http://www.kering.com/sites/default/files/document/modern_slavery.pdf,,,Industry unknown,Country unknown,true,true,true,false,2015-2016
7809,Meltemi Ltd,true,13034,https://www.meltemi.co.uk/Images/PDF/Policies/ModernSlaveryPolicy.pdf,,00980612,"Textiles, Apparel & Luxury Goods",United Kingdom,false,true,false,false,2016-2017
7809,Meltemi Ltd,true,9637,https://www.meltemi.co.uk/Images/PDF/Policies/ModernSlaveryPolicy.pdf,,00980612,"Textiles, Apparel & Luxury Goods",United Kingdom,false,true,false,false,2015-2016
7824,Michael Kors (UK) Ltd,true,30360,https://s2.q4cdn.com/702269136/files/doc_downloads/2018/Supply-Chain-Disclosure-2018-(Signed).pdf,,06481234,"Textiles, Apparel & Luxury Goods",United Kingdom,false,true,true,false,2017-2018
7838,Mirza UK Ltd,true,9666,http://www.mirzauk.com/modern-slavery-act/,,02802325,"Textiles, Apparel & Luxury Goods",United Kingdom,false,true,false,false,2015-2016
7872,Mulberry Group Plc,true,9700,https://www.mulberry.com/medias/Mulberry-Modern-Slavery-Act-V3.pdf?context=bWFzdGVyfHJvb3R8NjQ3Mzh8YXBwbGljYXRpb24vcGRmfGgyZC9oZTEvODgxODc3MTUyNTY2Mi5wZGZ8YWNkMzYxMTg5NmViYjk0M2Y5NzEwMTYwMDhmOWRkYTYxYjk0MzA2ZWEwNTc5ZjgyZDkyNzg0OWE2ZjA5ZDU4Mg,,01180514,"Textiles, Apparel & Luxury Goods",United Kingdom,false,true,false,false,2015-2016
7991,Pandora A/S,true,38247,https://pandoragroup.com/-/media/files/policies/pandora-2018-transparency-in-supply-chains-statement.pdf,,"","Textiles, Apparel & Luxury Goods",Denmark,false,true,true,false,2018
7991,Pandora A/S,true,38246,https://pandoragroup.com/-/media/files/policies/pandora-2017-transparency-in-supply-chains-statement_final.pdf,,"","Textiles, Apparel & Luxury Goods",Denmark,false,true,true,false,2017
7991,Pandora A/S,true,38245,https://pandoragroup.com/-/media/files/policies/combined-ca-and-uk-transparency-statements-2017.pdf,,"","Textiles, Apparel & Luxury Goods",Denmark,false,true,true,false,2016
7991,Pandora A/S,true,9819,https://estore-us.pandora.net/on/demandware.static/-/Sites-en-US-Library/default/dwa59f1e00/document/TransparencyinSupplyChainsStatement.pdf,,"","Textiles, Apparel & Luxury Goods",Denmark,false,true,true,false,2015
8017,Perry Ellis Europe Limited,true,26008,https://www.farah.co.uk/on/demandware.static/-/Sites-farah-Library/en_GB/v1523440956314/files/modern-slavery-act.pdf,,00981294,"Textiles, Apparel & Luxury Goods",United Kingdom,false,true,false,false,2016-2017
8017,Perry Ellis Europe Limited,true,9845,https://www.originalpenguin.co.uk/modern-slavery-act.html,,00981294,"Textiles, Apparel & Luxury Goods",United Kingdom,false,true,false,false,2015-2016
8020,Phase Eight (Fashion & Designs) Limited,true,33801,https://phaseeight.btxmedia.com/pws/client/images/2019/pdf/footer/Modern-Slavery-Act.pdf,,01735454,"Textiles, Apparel & Luxury Goods",United Kingdom,false,true,false,false,2018-2019
8020,Phase Eight (Fashion & Designs) Limited,true,27083,https://www.phase-eight.com/fcp/content/modern-slavery-act/content,,01735454,"Textiles, Apparel & Luxury Goods",United Kingdom,false,true,false,false,2017-2018
8020,Phase Eight (Fashion & Designs) Limited,true,9848,http://www.phase-eight.com/fcp/content/modern-slavery-act/content,,01735454,"Textiles, Apparel & Luxury Goods",United Kingdom,false,true,false,false,2015-2016
8064,Quantum Clothing Group Ltd,true,9892,http://www.quantumclothing.com/modern-slavery/,,00001812,"Textiles, Apparel & Luxury Goods",United Kingdom,false,true,false,false,2015-2016
8069,Radley + Co Ltd,true,9897,https://www.radley.co.uk/media/wysiwyg/downloads/uk-slavery-act-compliance.pdf,,02573819,"Textiles, Apparel & Luxury Goods",United Kingdom,false,true,false,false,2015-2016
23042,Radley Retail Ltd,false,9897,https://www.radley.co.uk/media/wysiwyg/downloads/uk-slavery-act-compliance.pdf,,,Industry unknown,Country unknown,true,true,false,false,2015-2016
8154,Scottish Leather Group Limited,true,27600,http://www.scottishleathergroup.com/About-SLG/Governance.aspx,,SC042020,"Textiles, Apparel & Luxury Goods",United Kingdom,false,true,false,false,2016-2017
8154,Scottish Leather Group Limited,true,9982,http://www.scottishleathergroup.com/ScottishLeatherGroup/Governance.aspx,,SC042020,"Textiles, Apparel & Luxury Goods",United Kingdom,false,true,false,false,2015-2016
8285,Swarovski Group,true,10113,http://www.swarovskigroup.com/S/home/act/California_Supply_Chain_Act.en.html,,,"Textiles, Apparel & Luxury Goods",Austria,false,true,false,false,2015-2016
8448,Welspun Home Textiles UK Ltd. ,true,10276,https://www.christy.co.uk/modern-slavery-act,,05852727,"Textiles, Apparel & Luxury Goods",United Kingdom,false,true,false,false,2015-2016
8461,Whistles Limited,true,34072,https://www.whistles.com/on/demandware.static/-/Library-Sites-Whistles-SharedLibrary/default/vdb6647bacee991ac730698bbb148b397878dd888/images/2019%20NEW%20UPDATED%20Whistles%20Modern%20Slavery%20Act%20Transparency%20Statement.pdf,,01514754,"Textiles, Apparel & Luxury Goods",United Kingdom,false,true,false,false,2018-2019
8461,Whistles Limited,true,26943,https://www.whistles.com/on/demandware.static/-/Sites-whistles-Library/default/dwf859cef3/images/Whistles%20Modern%20Slavery%20Act%20Transparency%20Statement.pdf,,01514754,"Textiles, Apparel & Luxury Goods",United Kingdom,false,true,false,false,2017-2018
8461,Whistles Limited,true,10289,http://demandware.edgesuite.net/aaqb_prd/on/demandware.static/-/Sites-whistles-Library/default/dw5fbdc968/images/ModernSlaveryActStatement_Whistles_2017.pdf,,01514754,"Textiles, Apparel & Luxury Goods",United Kingdom,false,true,false,false,2016-2017
8640,Seasalt Limited,true,12294,https://d23x084dcxncv3.cloudfront.net/seasalt/monthly_updates/2017_09/6ef2a7b6.SlaveryStatement_Sept2017%20-%20Steph.pdf/SlaveryStatement_Sept2017%20-%20Steph.pdf,,02259954,"Textiles, Apparel & Luxury Goods",United Kingdom,false,true,false,false,2016-2017
8640,Seasalt Limited,true,25857,https://www.seasaltcornwall.co.uk/assets/+v:0ff108/static_pages/our_standards/SlaveryStatement_Sept2015.pdf,,02259954,"Textiles, Apparel & Luxury Goods",United Kingdom,false,true,false,false,2015-2016
8656,Ted Baker Plc,true,34237,http://www.tedbakerplc.com/teds-responsibilities/supply-chain-transparency-and-modern-slavery-statement,,03393836,"Textiles, Apparel & Luxury Goods",United Kingdom,false,true,true,false,2018
8656,Ted Baker Plc,true,26987,http://www.tedbakerplc.com/teds-responsibilities/supply-chain-transparency-and-modern-slavery-statement,,03393836,"Textiles, Apparel & Luxury Goods",United Kingdom,false,true,true,false,2017
24366,No Ordinary Designer Label Limited,false,26987,http://www.tedbakerplc.com/teds-responsibilities/supply-chain-transparency-and-modern-slavery-statement,,02509755,Industry unknown,Country unknown,true,true,true,false,2017
8656,Ted Baker Plc,true,10484,http://www.tedbakerplc.com/teds-responsibilities/supply-chain-transparency-and-modern-slavery-statement,,03393836,"Textiles, Apparel & Luxury Goods",United Kingdom,false,true,true,false,2016
8691,VF Corporation,true,27810,https://www.vfc.com/modern-slavery-act-disclosure-statement,,,"Textiles, Apparel & Luxury Goods",United States,false,true,false,false,2017
8691,VF Corporation,true,27816,https://www.vfc.com/california-transparency-in-supply-chains-act,,,"Textiles, Apparel & Luxury Goods",United States,false,false,true,false,2016
8691,VF Corporation,true,10508,http://www.vfc.com/modern-slavery-act-disclosure-statement,,,"Textiles, Apparel & Luxury Goods",United States,false,true,false,false,2016
8839,Ruia Group Ltd.,true,10655,https://ruia.co.uk/modern-slavery-act-statement/,,02858400,"Textiles, Apparel & Luxury Goods",United Kingdom,false,true,false,false,2015-2016
8856,HUGO BOSS  AG,true,33768,https://group.hugoboss.com/fileadmin/media/pdf/sustainability/UK_MSA_STATEMENT_2019.pdf,,,"Textiles, Apparel & Luxury Goods",Germany,false,true,false,false,2019
27257,HUGO BOSS UK Limited,false,33768,https://group.hugoboss.com/fileadmin/media/pdf/sustainability/UK_MSA_STATEMENT_2019.pdf,,,"Textiles, Apparel & Luxury Goods",United Kingdom,true,true,false,false,2019
8856,HUGO BOSS  AG,true,30777,https://group.hugoboss.com/files/user_upload/Nachhaltigkeit/Partner/HUGO_BOSS_Modern_Slavery_Human_Trafficking_Statement_2018.pdf,,,"Textiles, Apparel & Luxury Goods",Germany,false,true,false,false,2018
8856,HUGO BOSS  AG,true,30778,https://www.hugoboss.com/us/customer-service/ca-supply-chain-disclosure.html/ca-supply-chain-disclosure/ca-supply-chain-disclosure.html#ankerCustomerServices,,,"Textiles, Apparel & Luxury Goods",Germany,false,false,true,false,2017
8856,HUGO BOSS  AG,true,10673,https://group.hugoboss.com/files/user_upload/Nachhaltigkeit/Partner/HUGO_BOSS_Slavery__Human_Trafficking_Statement_2017.pdf,,,"Textiles, Apparel & Luxury Goods",Germany,false,true,false,false,2017
8885,Levi Strauss & Co.,true,32914,https://www.levistrauss.com/wp-content/uploads/2014/01/CaliforniaTransparency-in-Supply-Chains-Act.pdf,,,"Textiles, Apparel & Luxury Goods",United States,false,false,true,false,2016
8885,Levi Strauss & Co.,true,10702,http://global.levi.com/forms/EU/GB/UK_Slavery_Act_Statement.pdf,,,"Textiles, Apparel & Luxury Goods",United States,false,true,false,false,2015-2016
9107,IC Group A/S,true,32110,http://1ij5r73z81m72a9uqy1agofi.wpengine.netdna-cdn.com/wp-content/uploads/Transparency_in_Supply_Chains_Statement_2017.pdf,,,"Textiles, Apparel & Luxury Goods",Denmark,false,true,false,false,2016-2017
9107,IC Group A/S,true,10931,http://1ij5r73z81m72a9uqy1agofi.wpengine.netdna-cdn.com/wp-content/uploads/Transparency_in_Supply_Chains_Statement_2016.pdf,,,"Textiles, Apparel & Luxury Goods",Denmark,false,true,false,false,2015-2016
9143,Pentland Brands Ltd,true,35939,https://pentlandbrands.com/wp-content/uploads/2019/05/Modern-Slavery-Report-2018.pdf,,09820760,"Textiles, Apparel & Luxury Goods",United Kingdom,false,true,false,false,2017-2018
29773,Airborne Footwear Limited,false,35939,https://pentlandbrands.com/wp-content/uploads/2019/05/Modern-Slavery-Report-2018.pdf,,01910146,"Textiles, Apparel & Luxury Goods",United Kingdom,true,true,false,false,2017-2018
29770,Berghaus Limited,false,35939,https://pentlandbrands.com/wp-content/uploads/2019/05/Modern-Slavery-Report-2018.pdf,,00871405,"Textiles, Apparel & Luxury Goods",United Kingdom,true,true,false,false,2017-2018
29771,Boxfresh International Ltd,false,35939,https://pentlandbrands.com/wp-content/uploads/2019/05/Modern-Slavery-Report-2018.pdf,,05564730,"Textiles, Apparel & Luxury Goods",United Kingdom,true,true,false,false,2017-2018
24523,Canterbury of New Zealand Limited,false,35939,https://pentlandbrands.com/wp-content/uploads/2019/05/Modern-Slavery-Report-2018.pdf,,06931046,"Textiles, Apparel & Luxury Goods",United Kingdom,true,true,false,false,2017-2018
29776,Ellesse Limited,false,35939,https://pentlandbrands.com/wp-content/uploads/2019/05/Modern-Slavery-Report-2018.pdf,,02081721,"Textiles, Apparel & Luxury Goods",United Kingdom,true,true,false,false,2017-2018
29772,Endura Limited,false,35939,https://pentlandbrands.com/wp-content/uploads/2019/05/Modern-Slavery-Report-2018.pdf,,SC128821,"Textiles, Apparel & Luxury Goods",United Kingdom,true,true,false,false,2017-2018
29774,Mitre Sports International Ltd,false,35939,https://pentlandbrands.com/wp-content/uploads/2019/05/Modern-Slavery-Report-2018.pdf,,2688851,"Textiles, Apparel & Luxury Goods",United Kingdom,true,true,false,false,2017-2018
29775,Red or Dead Limited,false,35939,https://pentlandbrands.com/wp-content/uploads/2019/05/Modern-Slavery-Report-2018.pdf,,3208653,"Textiles, Apparel & Luxury Goods",United Kingdom,true,true,false,false,2017-2018
9143,Pentland Brands Ltd,true,27396,http://www.pentland.com/downloads/modern-slavery/Pentland-Modern-Slavery-Report-2018.pdf,,09820760,"Textiles, Apparel & Luxury Goods",United Kingdom,false,true,false,false,2016-2017
24523,Canterbury of New Zealand Limited,false,27396,http://www.pentland.com/downloads/modern-slavery/Pentland-Modern-Slavery-Report-2018.pdf,,06931046,"Textiles, Apparel & Luxury Goods",United Kingdom,true,true,false,false,2016-2017
24524,Speedo International Limited,false,27396,http://www.pentland.com/downloads/modern-slavery/Pentland-Modern-Slavery-Report-2018.pdf,,,Industry unknown,Country unknown,true,true,false,false,2016-2017
9143,Pentland Brands Ltd,true,10967,http://www.pentland.com/downloads/modern-slavery/Pentland-Modern-Slavery-Report.pdf,,09820760,"Textiles, Apparel & Luxury Goods",United Kingdom,false,true,false,false,2015-2016
9208,Regatta Ltd,true,34273,https://www.regatta.com/modern-slavery-statement/,,01063450,"Textiles, Apparel & Luxury Goods",United Kingdom,false,true,false,false,2017-2018
17180,Craghoppers Ltd.,false,34273,https://www.regatta.com/modern-slavery-statement/,,03057810,"Textiles, Apparel & Luxury Goods",United Kingdom,true,true,false,false,2017-2018
27803,Dare2b Retail Limited,false,34273,https://www.regatta.com/modern-slavery-statement/,,,"Textiles, Apparel & Luxury Goods",United Kingdom,true,true,false,false,2017-2018
23338,Hawkshead,false,34273,https://www.regatta.com/modern-slavery-statement/,,,Industry unknown,Country unknown,true,true,false,false,2017-2018
23335,Regatta Great Outdoors,false,34273,https://www.regatta.com/modern-slavery-statement/,,,Industry unknown,Country unknown,true,true,false,false,2017-2018
23339,The Countryside Trading Company Ltd,false,34273,https://www.regatta.com/modern-slavery-statement/,,,Specialty Retail,United Kingdom,true,true,false,false,2017-2018
9208,Regatta Ltd,true,11033,https://cdn.regattaoutlet.co.uk/attachments/The%20Regatta%20Group%20-%20Modern%20Slavery%20Statement.pdf,,01063450,"Textiles, Apparel & Luxury Goods",United Kingdom,false,true,false,false,2016-2017
17180,Craghoppers Ltd.,false,11033,https://cdn.regattaoutlet.co.uk/attachments/The%20Regatta%20Group%20-%20Modern%20Slavery%20Statement.pdf,,03057810,"Textiles, Apparel & Luxury Goods",United Kingdom,true,true,false,false,2016-2017
23336,D2B,false,11033,https://cdn.regattaoutlet.co.uk/attachments/The%20Regatta%20Group%20-%20Modern%20Slavery%20Statement.pdf,,,Industry unknown,Country unknown,true,true,false,false,2016-2017
23338,Hawkshead,false,11033,https://cdn.regattaoutlet.co.uk/attachments/The%20Regatta%20Group%20-%20Modern%20Slavery%20Statement.pdf,,,Industry unknown,Country unknown,true,true,false,false,2016-2017
23335,Regatta Great Outdoors,false,11033,https://cdn.regattaoutlet.co.uk/attachments/The%20Regatta%20Group%20-%20Modern%20Slavery%20Statement.pdf,,,Industry unknown,Country unknown,true,true,false,false,2016-2017
23339,The Countryside Trading Company Ltd,false,11033,https://cdn.regattaoutlet.co.uk/attachments/The%20Regatta%20Group%20-%20Modern%20Slavery%20Statement.pdf,,,Specialty Retail,United Kingdom,true,true,false,false,2016-2017
9215,Nilörngruppen AB,true,11042,http://www.nilorn.com/sites/default/files/Nilorngruppen%20Modern%20Slavery%20Human%20Trafficking%20Statement%2020170630.pdf,,,"Textiles, Apparel & Luxury Goods",Sweden,false,true,false,false,2015-2016
9309,Thomas Pink Ltd,true,11133,https://www.thomaspink.com/content/modernslaverystatement,,01995666,"Textiles, Apparel & Luxury Goods",United Kingdom,false,true,false,false,2016
9341,"Shurtape Technologies Manufacturing (STM) Industries, Inc.",true,11165,https://www.shurtape.com/california-transparency-supply-chains-act-and-uk-modern-slavery-act-statement,,,"Textiles, Apparel & Luxury Goods",United States,false,true,true,false,2015-2016
9359,Puma SE,true,37114,https://about.puma.com/-/media/files/pdf/sustainability/social/puma_modern_slavery_statement_2017.ashx,,,"Textiles, Apparel & Luxury Goods",Germany,false,true,false,false,2017
9359,Puma SE,true,11183,https://about.puma.com/damfiles/default/sustainability/reports/Statement-on-Slavery-and-Human-Trafficking_final-and-signed.pdf-7e7339254b298575420a0fb8b31fb88f.pdf,,,"Textiles, Apparel & Luxury Goods",Germany,false,true,false,false,2016
31107,Puma United Kingdom Limited,false,11183,https://about.puma.com/damfiles/default/sustainability/reports/Statement-on-Slavery-and-Human-Trafficking_final-and-signed.pdf-7e7339254b298575420a0fb8b31fb88f.pdf,,03712972,"Textiles, Apparel & Luxury Goods",United Kingdom,true,true,false,false,2016
9359,Puma SE,true,30167,https://jobs.puma.com/wp-content/themes/aboutPUMA_theme/media/pdf/2013/2011_12_28SupplyChainAct.pdf,,,"Textiles, Apparel & Luxury Goods",Germany,false,false,true,false,2014
9569,Rapha Racing Ltd,true,31569,https://www.rapha.cc/gb/en/modern-slavery-statement,,04849594,"Textiles, Apparel & Luxury Goods",United Kingdom,false,true,false,false,2017-2018
9569,Rapha Racing Ltd,true,11393,https://pages.rapha.cc/modern-slavery-statement,,04849594,"Textiles, Apparel & Luxury Goods",United Kingdom,false,true,false,false,2016-2017
9606,Patagonia Inc.,true,11437,https://www.patagonia.com/on/demandware.static/Sites-patagonia-us-Site/Library-Sites-PatagoniaShared/en_US/PDF-US/Patagonia-US-and-UK-Disclosure-Statement-061317.pdf,,,"Textiles, Apparel & Luxury Goods",United States,false,true,true,false,2017
9833,Coast Fashions Limited,true,30762,https://www.coast-stores.com/page/modern-slavery-act-2018,,,"Textiles, Apparel & Luxury Goods",United Kingdom,false,true,false,false,2017-2018
25186,Coast HoldCo 1 Limited,false,30762,https://www.coast-stores.com/page/modern-slavery-act-2018,,09787753,Industry unknown,Country unknown,true,true,false,false,2017-2018
9833,Coast Fashions Limited,true,11668,https://www.coast-stores.com/page/modern-slavery-act,,,"Textiles, Apparel & Luxury Goods",United Kingdom,false,true,false,false,2015-2016
9856,Oasis Fashions Limited,true,38435,https://www.oasis-stores.com/on/demandware.static/-/Library-Sites-OasisSharedLibrary/default/dwaf4430e9/documents/Oasis_Modern_Slavery_Statement_2018-9_-_V4.pdf,,06822219,"Textiles, Apparel & Luxury Goods",United Kingdom,false,true,false,false,2018-2019
25132,Aurora Fashions Group Ltd,false,38435,https://www.oasis-stores.com/on/demandware.static/-/Library-Sites-OasisSharedLibrary/default/dwaf4430e9/documents/Oasis_Modern_Slavery_Statement_2018-9_-_V4.pdf,,07410878,Industry unknown,Country unknown,true,true,false,false,2018-2019
25133,Oasis and Warehouse HoldCo 1 Ltd,false,38435,https://www.oasis-stores.com/on/demandware.static/-/Library-Sites-OasisSharedLibrary/default/dwaf4430e9/documents/Oasis_Modern_Slavery_Statement_2018-9_-_V4.pdf,,,Industry unknown,Country unknown,true,true,false,false,2018-2019
25136,Oasis & Warehouse Ltd,false,38435,https://www.oasis-stores.com/on/demandware.static/-/Library-Sites-OasisSharedLibrary/default/dwaf4430e9/documents/Oasis_Modern_Slavery_Statement_2018-9_-_V4.pdf,,,Industry unknown,Country unknown,true,true,false,false,2018-2019
25134,Warehouse Fashion Ltd,false,38435,https://www.oasis-stores.com/on/demandware.static/-/Library-Sites-OasisSharedLibrary/default/dwaf4430e9/documents/Oasis_Modern_Slavery_Statement_2018-9_-_V4.pdf,,,Industry unknown,Country unknown,true,true,false,false,2018-2019
25135,Warehouse Fashions Holding Ltd,false,38435,https://www.oasis-stores.com/on/demandware.static/-/Library-Sites-OasisSharedLibrary/default/dwaf4430e9/documents/Oasis_Modern_Slavery_Statement_2018-9_-_V4.pdf,,,Industry unknown,Country unknown,true,true,false,false,2018-2019
9856,Oasis Fashions Limited,true,30706,https://www.oasis-stores.com/on/demandware.static/-/Library-Sites-OasisSharedLibrary/default/dw13e8ee2f/documents/OASIS_Modern_Slavery_Act_statement2018.pdf,,06822219,"Textiles, Apparel & Luxury Goods",United Kingdom,false,true,false,false,2017-2018
25132,Aurora Fashions Group Ltd,false,30706,https://www.oasis-stores.com/on/demandware.static/-/Library-Sites-OasisSharedLibrary/default/dw13e8ee2f/documents/OASIS_Modern_Slavery_Act_statement2018.pdf,,07410878,Industry unknown,Country unknown,true,true,false,false,2017-2018
25133,Oasis and Warehouse HoldCo 1 Ltd,false,30706,https://www.oasis-stores.com/on/demandware.static/-/Library-Sites-OasisSharedLibrary/default/dw13e8ee2f/documents/OASIS_Modern_Slavery_Act_statement2018.pdf,,,Industry unknown,Country unknown,true,true,false,false,2017-2018
25136,Oasis & Warehouse Ltd,false,30706,https://www.oasis-stores.com/on/demandware.static/-/Library-Sites-OasisSharedLibrary/default/dw13e8ee2f/documents/OASIS_Modern_Slavery_Act_statement2018.pdf,,,Industry unknown,Country unknown,true,true,false,false,2017-2018
25134,Warehouse Fashion Ltd,false,30706,https://www.oasis-stores.com/on/demandware.static/-/Library-Sites-OasisSharedLibrary/default/dw13e8ee2f/documents/OASIS_Modern_Slavery_Act_statement2018.pdf,,,Industry unknown,Country unknown,true,true,false,false,2017-2018
25135,Warehouse Fashions Holding Ltd,false,30706,https://www.oasis-stores.com/on/demandware.static/-/Library-Sites-OasisSharedLibrary/default/dw13e8ee2f/documents/OASIS_Modern_Slavery_Act_statement2018.pdf,,,Industry unknown,Country unknown,true,true,false,false,2017-2018
9856,Oasis Fashions Limited,true,11694,http://demandware.edgesuite.net/aawy_prd/on/demandware.static/-/Library-Sites-OasisSharedLibrary/default/dw4fec1dd8/documents/OASIS_Modern_Slavery_Act_statement.pdf,,06822219,"Textiles, Apparel & Luxury Goods",United Kingdom,false,true,false,false,2015-2016
9922,FitFlop Limited,true,11763,https://www.fitflop.com/uk/en/modern-slavery-statement,,06436347,"Textiles, Apparel & Luxury Goods",United Kingdom,false,true,false,false,2015-2016
10072,T.M.Lewin & Sons Limited,true,26743,https://www.tmlewin.com/Modern-Slavery-Statement.html,,00340508,"Textiles, Apparel & Luxury Goods",United Kingdom,false,true,false,false,2017-2018
10072,T.M.Lewin & Sons Limited,true,11925,https://www.tmlewin.co.uk/Modern-Slavery-Statement.html,,00340508,"Textiles, Apparel & Luxury Goods",United Kingdom,false,true,false,false,2015-2016
10228,Victoria Beckham Limited,true,12116,https://www.victoriabeckham.com/modern-slavery-statement,,06517802,"Textiles, Apparel & Luxury Goods",United Kingdom,false,true,false,false,2016
10236,Vision Support Services Ltd ,true,35693,https://www.visionsupportservices.com/wp-content/uploads/2019/04/COMPLIANCE-STATEMENT-HUMAN-TRAFFICKING-ACT-2015.pdf?x98083,,06603416,"Textiles, Apparel & Luxury Goods",United Kingdom,false,true,false,false,2017-2018
10236,Vision Support Services Ltd ,true,27155,https://www.visionsupportservices.com/wp-content/uploads/2018/05/vision-compliance-statement-2018-2019.pdf?x50036,,06603416,"Textiles, Apparel & Luxury Goods",United Kingdom,false,true,false,false,2016-2017
10236,Vision Support Services Ltd ,true,12131,https://www.visionsupportservices.com/app/uploads/2017/05/vision-compliance-statement.pdf?x50036,,06603416,"Textiles, Apparel & Luxury Goods",United Kingdom,false,true,false,false,2015-2016
10266,New Balance Athletics Inc.,true,36025,https://www.newbalance.com/on/demandware.static/-/Sites-newbalance_us2-Library/default/dwd19696e5/pdf/2018_New%20Balance_Human_Trafficking_and_Modern_Slavery_Statement.pdf,,,"Textiles, Apparel & Luxury Goods",United States,false,true,true,false,2018
29912,New Balance Athletic Shoes (UK) Limited,false,36025,https://www.newbalance.com/on/demandware.static/-/Sites-newbalance_us2-Library/default/dwd19696e5/pdf/2018_New%20Balance_Human_Trafficking_and_Modern_Slavery_Statement.pdf,,01616165,"Textiles, Apparel & Luxury Goods",United Kingdom,true,true,true,false,2018
10266,New Balance Athletics Inc.,true,32429,https://www.newbalance.com/on/demandware.static/-/Sites-newbalance_us2-Library/default/dw50966003/pdf/2017%20NB%20Modern%20Slavery%20Signed%20Final.pdf,,,"Textiles, Apparel & Luxury Goods",United States,false,true,true,false,2017
10266,New Balance Athletics Inc.,true,12180,https://www.newbalance.co.uk/on/demandware.static/-/Sites-newbalance_uk2-Library/default/dw975ee87d/homepage/2017/2016-NB-Modern-Slavery-Signed.pdf,,,"Textiles, Apparel & Luxury Goods",United States,false,true,true,false,2016
10276,Joules Group Plc,true,37638,https://www.joulesgroup.com/media/1050/joules-modern-slavery-statement.pdf,,10164829,"Textiles, Apparel & Luxury Goods",United Kingdom,false,true,false,false,2017-2018
10276,Joules Group Plc,true,12200,https://www.joules.com/medias/Joules-modern-slavery-2017.pdf?context=bWFzdGVyfHJvb3R8NTc3ODk2fGFwcGxpY2F0aW9uL3BkZnxoM2IvaDRlLzkyMDE4MDY4Njg1MTAucGRmfGEzODU5MjUxNWU4ZTkzMWYxNWQ1MzBlNzE5OTUyM2ViYTJjODdmYzQ1ZjJkZTc3M2JhODQ0ZjdkMGIzNGQ2Njk,,10164829,"Textiles, Apparel & Luxury Goods",United Kingdom,false,true,false,false,2016-2017
10315,Givenchy SA,true,12254,https://www.givenchy.com/on/demandware.static/-/Library-Sites-shared_GIV_Library/default/dw108340f6/Content/ModernSlaveryAct/Modern%20Slavery%20Act%20-%20Statement%202016.pdf,,,"Textiles, Apparel & Luxury Goods",France,false,true,false,false,2016
10329,GBG International Holding Company Ltd.,true,12272,http://www.tvmfl.com/img/GBG%20Int%20Holding_Modern%20Slavery%20Statement.pdf,,08819328,"Textiles, Apparel & Luxury Goods",United Kingdom,false,true,false,false,2015-2016
23517,TVM Fashion Lab  Ltd,false,12272,http://www.tvmfl.com/img/GBG%20Int%20Holding_Modern%20Slavery%20Statement.pdf,,,Industry unknown,Country unknown,true,true,false,false,2015-2016
10334,Dr. Martens AirWair Group Limited,true,35900,https://d2g7c2xxqyt3nq.cloudfront.net/SocialResponsibility/ModernSlaveryAct.pdf,,02678750,"Textiles, Apparel & Luxury Goods",United Kingdom,false,true,true,false,2018-2019
6926,Airwair International Ltd,false,35900,https://d2g7c2xxqyt3nq.cloudfront.net/SocialResponsibility/ModernSlaveryAct.pdf,,03009359,"Textiles, Apparel & Luxury Goods",United Kingdom,true,true,true,false,2018-2019
10334,Dr. Martens AirWair Group Limited,true,12277,https://d3pjhixl6ywqix.cloudfront.net/product/uk-assets/corporate-and-press/modern-slavery-pdf.pdf,,02678750,"Textiles, Apparel & Luxury Goods",United Kingdom,false,true,false,false,2015-2016
10359,Rubie's Masquerade Company (UK) Ltd.,true,12314,https://www.rubiesuk.com/modern-slavery-statement,,03508897,"Textiles, Apparel & Luxury Goods",United Kingdom,false,true,false,false,2015-2016
10455,Eddie Bauer LLC,true,12440,https://www.eddiebauer.com/static/pdf/California_Transparency_Supply_Chain.pdf,,,"Textiles, Apparel & Luxury Goods",United States,false,false,true,false,2014
10456,Ralph Lauren Corporation,true,30150,https://www.ralphlauren.com/california-transparency-act/cs-company-info-cali-transparency.html?ab=footer_Catransparencyact,,,"Textiles, Apparel & Luxury Goods",United States,false,false,true,false,2015
10456,Ralph Lauren Corporation,true,12441,https://www.ralphlauren.co.uk/en/customerservice?cid=cs-UK-modern-slavery-act,,,"Textiles, Apparel & Luxury Goods",United States,false,true,false,false,2015
10509,James Johnston & Co. of  Elgin Limited (t/a  Johnstons of Elgin),true,12496,https://www.johnstonscashmere.com/media/upload/hr/modern_slavery_statement_2016.pdf,,SC022553,"Textiles, Apparel & Luxury Goods",United Kingdom,false,true,false,false,""
10515,PRADA S.p.A,true,27746,https://www.pradagroup.com/content/dam/pradagroup/documents/Responsabilita_sociale/Statement%20on%20Modern%20Slavery_2017_EN.pdf,,,"Textiles, Apparel & Luxury Goods",Italy,false,true,false,false,2017
24659,Prada Retail UK Ltd,false,27746,https://www.pradagroup.com/content/dam/pradagroup/documents/Responsabilita_sociale/Statement%20on%20Modern%20Slavery_2017_EN.pdf,,,Industry unknown,Country unknown,true,true,false,false,2017
10515,PRADA S.p.A,true,12503,http://csr.pradagroup.com/content/uploads/2015/07/Statement-on-Modern-Slavery_EN_2016.pdf,,,"Textiles, Apparel & Luxury Goods",Italy,false,true,false,false,2016
10543,Compagnie Financière Richemont SA,true,12531,https://www.richemont.com/2-uncategorised/87-human-rights-and-labour-standards-in-the-supply-chain.html,,,"Textiles, Apparel & Luxury Goods",Switzerland,false,true,true,false,2016-2017
10556,Reiss Ltd,true,12545,https://www.reiss.com/us/corporate-responsibility/,,02655347,"Textiles, Apparel & Luxury Goods",United Kingdom,false,true,false,false,2016-2017
10590,Cotton Traders Limited,true,12596,https://www.cottontraders.com/uk/modern-slavery-act-statement/page/slavery,,02125768,"Textiles, Apparel & Luxury Goods",United Kingdom,false,true,false,false,2017
23631,COTTON TRADERS HOLDINGS LIMITED,false,12596,https://www.cottontraders.com/uk/modern-slavery-act-statement/page/slavery,,02937374,Industry unknown,Country unknown,true,true,false,false,2017
10666,Under Armour UK Limited,true,31829,https://www.underarmour.co.uk/on/demandware.static/-/Sites-EU-Library/default/dw920c0cad/pdf/UK_Modern_Slavery_2018_Statement.pdf,,07155448,"Textiles, Apparel & Luxury Goods",United Kingdom,false,true,false,false,2017
10666,Under Armour UK Limited,true,30106,http://www.uabiz.com/company/california-transparency.cfm,,07155448,"Textiles, Apparel & Luxury Goods",United Kingdom,false,false,true,false,2016
10666,Under Armour UK Limited,true,12702,https://www.underarmour.co.uk/en-gb/modern-slavery-act.html,,07155448,"Textiles, Apparel & Luxury Goods",United Kingdom,false,true,false,false,2016
10667, Lululemon Athletica Inc.,true,12703,https://pnimages.lululemon.com/content/dam/lululemon/www-images/Footer/Sustainability/Updated_lulu-modern-slavery-statement-2017_EN.pdf,,,"Textiles, Apparel & Luxury Goods",Canada,false,true,true,false,2017-2018
10668,Gildan Activewear Inc.,true,30160,https://www.gildancorp.com/supply-chain-transparency,,,"Textiles, Apparel & Luxury Goods",Canada,false,true,true,false,2017
10668,Gildan Activewear Inc.,true,12704,http://www.genuinegildan.com/en/people/human-and-labour-rights/modern-slavery-and-human-trafficking/,,,"Textiles, Apparel & Luxury Goods",Canada,false,true,true,false,2016
10679,Pencarrie Ltd.,true,38608,https://www.pencarrie.com/cms/file/2019/Human%20trafficking%20statement/Modern%20Slavery%20Statement%202019.pdf,,03371637,"Textiles, Apparel & Luxury Goods",United Kingdom,false,true,false,false,2019-2020
10679,Pencarrie Ltd.,true,12720,https://www.pencarrie.com/cms/file/Modern%20Slavery%20&%20Human%20Trafficking%20Statement.pdf,,03371637,"Textiles, Apparel & Luxury Goods",United Kingdom,false,true,false,false,2016-2017
10718,Brooks Bros (UK) Ltd,true,30375,http://www.brookstimber.co.uk/downloads/Modern%20Slavery%20Statement%202017.pdf,,01644146,"Textiles, Apparel & Luxury Goods",United Kingdom,false,true,false,false,2017
10718,Brooks Bros (UK) Ltd,true,12769,http://www.brookstimber.com/downloads/Modern%20Slavery%20Statement%202016.pdf,,01644146,"Textiles, Apparel & Luxury Goods",United Kingdom,false,true,false,false,2016
10768,"KCP Operating Company, LLC (t/a Kenneth Cole)",true,12823,https://www.kennethcole.com/california-supply-chains-act.html,,,"Textiles, Apparel & Luxury Goods",United States,false,false,true,false,2016
23746,KCP Operating Company Holdco LLC,false,12823,https://www.kennethcole.com/california-supply-chains-act.html,,,Industry unknown,Country unknown,true,false,true,false,2016
23745,Kenneth Cole Productions Inc.,false,12823,https://www.kennethcole.com/california-supply-chains-act.html,,,Industry unknown,Country unknown,true,false,true,false,2016
10768,"KCP Operating Company, LLC (t/a Kenneth Cole)",true,12822,https://www.kennethcole.com/uk-modern-slavery-act-2015.html,,,"Textiles, Apparel & Luxury Goods",United States,false,true,false,false,2016
23746,KCP Operating Company Holdco LLC,false,12822,https://www.kennethcole.com/uk-modern-slavery-act-2015.html,,,Industry unknown,Country unknown,true,true,false,false,2016
23745,Kenneth Cole Productions Inc.,false,12822,https://www.kennethcole.com/uk-modern-slavery-act-2015.html,,,Industry unknown,Country unknown,true,true,false,false,2016
10800,C&J Clark Limited,true,30829,https://www.clarksusa.com/corporate-responsibility,,03314066,"Textiles, Apparel & Luxury Goods",United Kingdom,false,true,true,false,2017-2018
10800,C&J Clark Limited,true,12878,https://www.clarksusa.com/us/corporate-responsibility,,03314066,"Textiles, Apparel & Luxury Goods",United Kingdom,false,true,true,false,2016-2017
10962,Stella McCartney Ltd,true,33357,https://www.stellamccartney.com/cloud/stellawp/uploads/2018/06/Sustainability_Modern-Slavery_2017_03.121.pdf,,04169969,"Textiles, Apparel & Luxury Goods",United Kingdom,false,true,true,false,2017
10962,Stella McCartney Ltd,true,13098,https://cdn3.yoox.biz/cloud/stellawp/uploads/2017/08/SMC_Modern-Slavery.pdf,,04169969,"Textiles, Apparel & Luxury Goods",United Kingdom,false,true,true,false,2016
16710,Williamson-Dickie Europe Limited,true,24965,https://www.dickiesworkwear.com/en/about-dickies/modern-slavery-act-2015-statement,,01757853,"Textiles, Apparel & Luxury Goods",United Kingdom,false,true,false,false,2016
17023,Jack Wills Limited,true,25285,https://www.jackwills.com/modern-slavery-statement/,,03504842,"Textiles, Apparel & Luxury Goods",United Kingdom,false,true,false,false,2016-2017
23969,Union Lifestyle Holdings Limited,false,25285,https://www.jackwills.com/modern-slavery-statement/,,,Industry unknown,Country unknown,true,true,false,false,2016-2017
23970,Union Lifestyle Ltd,false,25285,https://www.jackwills.com/modern-slavery-statement/,,,Industry unknown,Country unknown,true,true,false,false,2016-2017
23971,Wills Lifestyle Holdings Limited,false,25285,https://www.jackwills.com/modern-slavery-statement/,,,Industry unknown,Country unknown,true,true,false,false,2016-2017
17265,Samsonite Limited,true,25530,https://www.samsonite.co.uk/on/demandware.static/-/Library-Sites-samsonite/en/dw8fa5db34/download/pdf/Modern%20Day%20Slavery%20Statement.pdf,,02020414,"Textiles, Apparel & Luxury Goods",United Kingdom,false,true,false,false,2016
17272,RH Smith & Sons (Wigmakers) Limited,true,25537,https://www.smiffys.com/modern-slavery-statement,,01179968,"Textiles, Apparel & Luxury Goods",United Kingdom,false,true,false,false,2016
17343,Wacoal EMEA Ltd,true,25614,http://www.wacoal-europe.com/modern-slavery-act.aspx,,00171167,"Textiles, Apparel & Luxury Goods",United Kingdom,false,true,false,false,2017
17360,Hunter Boot Limited,true,25631,https://www.hunterboots.com/us/en_us/responsibility/modernslaverystatement/,,SC327869,"Textiles, Apparel & Luxury Goods",United Kingdom,false,true,false,false,2016
17484,Cooneen By Design Limited,true,25756,https://cooneengroup.com/app/uploads/2018/01/Anti-Slavery-Statement.pdf,,NI006648,"Textiles, Apparel & Luxury Goods",United Kingdom,false,true,false,false,2017-2018
24116,Cooneen at Work Limited,false,25756,https://cooneengroup.com/app/uploads/2018/01/Anti-Slavery-Statement.pdf,,,Industry unknown,Country unknown,true,true,false,false,2017-2018
24114,Cooneen Defence Ltd,false,25756,https://cooneengroup.com/app/uploads/2018/01/Anti-Slavery-Statement.pdf,,NI049695,Industry unknown,Country unknown,true,true,false,false,2017-2018
24115,Cooneen Protection Limited,false,25756,https://cooneengroup.com/app/uploads/2018/01/Anti-Slavery-Statement.pdf,,,Industry unknown,Country unknown,true,true,false,false,2017-2018
17543,Graff Diamonds International Limited,true,25816,https://www.graffdiamonds.com/anti-slavery-statement/,,01151216,"Textiles, Apparel & Luxury Goods",United Kingdom,false,true,false,false,2016
17624,J. Choo Limited,true,25900,https://row.jimmychoo.com/en/customer-service/modern-slavery-act.html,,03185783,"Textiles, Apparel & Luxury Goods",United Kingdom,false,true,false,false,2016
17652,James Dewhurst Ltd.,true,25928,http://www.jamesdewhurst.com/modern-slavery-act-2015/,,00506170,"Textiles, Apparel & Luxury Goods",United Kingdom,false,true,false,false,2015-2016
17653,Karen Millen Fashions Limited,true,25929,https://www.karenmillen.com/frnchs/modern-slavery-act.html,,06822177,"Textiles, Apparel & Luxury Goods",United Kingdom,false,true,false,false,2016-2017
17879,J. Barbour and Sons Ltd.,true,35459,https://www.barbour.com/uk/media/wysiwyg/PDF/28.03.19_Modern_Slavery_Statement.pdf,,,"Textiles, Apparel & Luxury Goods",United Kingdom,false,true,false,false,2018
17879,J. Barbour and Sons Ltd.,true,26180,https://www.barbour.com/medias/Ethical-Trading-Statement-October-2017.pdf?context=bWFzdGVyfGltYWdlc3w2NDI5OXxhcHBsaWNhdGlvbi9wZGZ8aW1hZ2VzL2g0MS9oYTcvOTMyNDAyMzUxMzExOC5wZGZ8M2VmMjUzZDY3YjJiZWFjZTI2NjJlN2Y0MjMyYWViN2MwYjE5ZjBlMzQ3Nzg4MTAxYjBhMTVkMTJlMWJlOGJhYg,,,"Textiles, Apparel & Luxury Goods",United Kingdom,false,true,false,false,2017
17931,"American Apparel, Inc.",true,26234,https://c.americanapparel.net/static/release/5.0.0/media/California%20Transparency%20in%20Supply%20Chains%20Act%20Disclosure.pdf,,,"Textiles, Apparel & Luxury Goods",United States,false,false,true,false,2015
17996,Equip Outdoor Technologies UK Ltd,true,32871,http://www.equipuk.com/modern_slavery.html,,01168470,"Textiles, Apparel & Luxury Goods",United Kingdom,false,true,false,false,2018-2019
17996,Equip Outdoor Technologies UK Ltd,true,26304,http://www.equipuk.com/modern_slavery.html,,01168470,"Textiles, Apparel & Luxury Goods",United Kingdom,false,true,false,false,2015-2016
18091,William Lamb Group Limited,true,34322,https://www.business-humanrights.org/sites/default/files/william%20lamb.pdf,,02513251,"Textiles, Apparel & Luxury Goods",United Kingdom,false,true,false,false,2018
18091,William Lamb Group Limited,true,26400,http://www.wlamb.co.uk/documents/william_lamb_group_slavery_and_human_trafficking.pdf,,02513251,"Textiles, Apparel & Luxury Goods",United Kingdom,false,true,false,false,2016
18200,Cha Technologies Group PLC,true,26511,http://www.chatechnologies.com/wp-content/uploads/2018/01/Modern_Slavery_Statement.pdf,,04040321,"Textiles, Apparel & Luxury Goods",United Kingdom,false,true,false,false,2016-2017
18206,G. Modiano Limited,true,30945,https://www.gmodiano.com/Slavery%20and%20human%20trafficking%20statement.pdf,,00872284,"Textiles, Apparel & Luxury Goods",United Kingdom,false,true,false,false,2017
18206,G. Modiano Limited,true,26517,http://www.gmodiano.com/Slavery%20and%20human%20trafficking%20statement.pdf,,00872284,"Textiles, Apparel & Luxury Goods",United Kingdom,false,true,false,false,2016
18324,Yours Clothing Limited,true,26637,https://www.yoursclothing.co.uk/modern-slavery-policy,,02886196,"Textiles, Apparel & Luxury Goods",United Kingdom,false,true,false,false,2017-2018
18360,TOMS Shoes LLC,true,26723,https://www.toms.com/supply-chain-transparency,,,"Textiles, Apparel & Luxury Goods",United States,false,true,true,false,2016
18749,Tapestry Inc.,true,32796,https://www.tapestry.com/california-transparency-act-uk-modern-slavery-act-statement/,,,"Textiles, Apparel & Luxury Goods",United States,false,true,true,false,2018
18749,Tapestry Inc.,true,27411,https://www.tapestry.com/california-transparency-act-uk-modern-slavery-act-statement/,,,"Textiles, Apparel & Luxury Goods",United States,false,true,true,false,2017
18867,LPP Spolka Akcyjna ,true,27809,https://www.lppsa.com/wp-content/uploads/2018/02/Modern_slavery_statement.pdf,,,"Textiles, Apparel & Luxury Goods",Poland,false,true,false,false,2017-2018
18867,LPP Spolka Akcyjna ,true,27603,https://www.lppsa.com/wp-content/uploads/2017/09/Modern_slavery_statement.pdf,,,"Textiles, Apparel & Luxury Goods",Poland,false,true,false,false,2016-2017
19056,VAGABOND International AB,true,36004,https://vagabond.com/globalassets/about-us/pdf/modern-slavery_vagabond_190617.pdf,,,"Textiles, Apparel & Luxury Goods",Sweden,false,true,false,false,2018
19056,VAGABOND International AB,true,27881,https://vagabond.com/globalassets/pdf/modern-slavery_vagabond_180525.pdf,,,"Textiles, Apparel & Luxury Goods",Sweden,false,true,false,false,2017
19097,Adidas AG,true,27928,https://www.business-humanrights.org/sites/default/files/adidas_policy_on_modern_slavery_2017.pdf,,,"Textiles, Apparel & Luxury Goods",Germany,false,true,false,false,2017
19099,Adrianna Papell LLC,true,27930,https://www.adriannapapell.com/ca-transparency-act.html,,,"Textiles, Apparel & Luxury Goods",United States,false,false,true,false,2016
19127,All Access Apparel Inc.,true,27958,https://selfesteemclothing.com/wp-content/uploads/2014/06/TransparencyAct.pdf,,,"Textiles, Apparel & Luxury Goods",United States,false,false,true,false,2016
19141,American & Efird LLC,true,27972,http://www.amefird.com/zh-hans/california-transparency-in-supply-chains-act-of-2010-2/,,,"Textiles, Apparel & Luxury Goods",United States,false,false,true,false,2016
19215,"Avenue Stores, LLC",true,28046,https://www.avenue.com/en_US/supply-chain.html,,,"Textiles, Apparel & Luxury Goods",United States,false,false,true,false,2016
19253,"BCBG Max Azria Group, Inc.",true,28084,https://www.bcbg.com/en/cs-ctsca.html,,,"Textiles, Apparel & Luxury Goods",United States,false,false,true,false,2016
19326,Brooks Sports Inc.,true,28157,https://www.brooksrunning.com/on/demandware.static/-/Sites-BrooksRunning-Library/default/dw2574c6ae/images/meetbrooks/pdfs/California-Transparency-in-Supply-Chains-Act-Disclosures-4-17-14.pdf,,,"Textiles, Apparel & Luxury Goods",United States,false,false,true,false,2016
19369,"Carhartt, Inc.",true,28200,https://www.carhartt.com/content/carhartt-corporate-responsibility,,,"Textiles, Apparel & Luxury Goods",United States,false,false,true,false,2016
19374,Carter's Inc.,true,28205,https://www.carters.com/california-supply/california-supply-chain.html,,,"Textiles, Apparel & Luxury Goods",United States,false,true,true,false,2016
19433,"Cobra Golf, Inc. ",true,28264,https://www.cobragolf.com/supply-chain,,,"Textiles, Apparel & Luxury Goods",United States,false,false,true,false,2016
19442,Columbia Sportswear Company,true,28273,https://www.columbia.com/on/demandware.static/-/Sites-Columbia_US-Library/default/dwb03574f6/AboutUs/PDF/Fall_15/Columbia%20-%20Transparency%20in%20Supply%20Chain%20Statement.pdf,,,"Textiles, Apparel & Luxury Goods",United States,false,false,true,false,2016
19491,"Danner, Inc.",true,28322,https://support.danner.com/hc/en-us/articles/202447033-California-transparency-statement,,,"Textiles, Apparel & Luxury Goods",United States,false,false,true,false,2016
19492,"Dansko, LLC",true,28323,https://images.dansko.com/pdf/CaliforniaSupplyChainDisclosure_nc.pdf,,,"Textiles, Apparel & Luxury Goods",United States,false,false,true,false,2016
19496,"DashAmerica, Inc.",true,28327,https://www.pearlizumi.com/US/en/californiaTransparencyAct,,,"Textiles, Apparel & Luxury Goods",United States,false,false,true,false,2016
19501,Deckers Outdoor Corporation,true,28332,https://www.deckers.com/sites/default/files/pdf/Public%20Statement%20for%20SB%20657.pdf,,,"Textiles, Apparel & Luxury Goods",United States,false,false,true,false,2016
19505,"Delta Apparel, Inc.",true,28336,https://www.deltaapparelinc.com/california-transparency-act,,,"Textiles, Apparel & Luxury Goods",United States,false,false,true,false,2016
19532,The Donna Karan Company LLC ,true,28363,https://www.donnakaran.com/category/customer+service/california+sb+657.do,,,"Textiles, Apparel & Luxury Goods",United States,false,false,true,false,2016
19575,"Eileen Fisher, Inc.",true,28406,https://www.eileenfisher.com/human-rights/preventing-human-trafficking-and-slavery-in-our-supply-chain/,,,"Textiles, Apparel & Luxury Goods",United States,false,false,true,false,2016
19609,Etro S.p.A.,true,28440,https://www.business-humanrights.org/sites/default/files/California%20Law-%20Etro%20SpA.pdf,,,"Textiles, Apparel & Luxury Goods",Italy,false,false,true,false,2016
19632,Fendi S.r.l.,true,28463,https://www.fendi.com/us/info/legal-area/compliance,,,"Textiles, Apparel & Luxury Goods",Italy,false,false,true,false,2016
19657,"Footwear Unlimited, Inc.",true,28488,https://www.footwearunlimited.com/Help/CaliforniaTransparency,,,"Textiles, Apparel & Luxury Goods",United States,false,false,true,false,2016
19667,Fossil Group Inc.,true,28498,http://www.fossilgroup.com/investors/corporate-governance/california-transparency-in-supply-chain/,,,"Textiles, Apparel & Luxury Goods",United States,false,false,true,false,2016
19681,Freudenberg Nonwovens LP,true,28512,https://www.freudenberg-pm.com/Footer/California-Transparency-in-Supply-Chain-Act,,,"Textiles, Apparel & Luxury Goods",United States,false,false,true,false,2016
19683,"Frontier Spinning Mills, Inc.",true,28514,https://www.frontierspinning.com/pdf/California-Transparency-in-Supply-Chains-Act.pdf,,,"Textiles, Apparel & Luxury Goods",United States,false,false,true,false,2016
19708,Gear for Sports (a Division of Hanesbrands Inc.),true,28539,http://www.gearforsports.com/CalTransActST.htm,,,"Textiles, Apparel & Luxury Goods",United States,false,false,true,false,2016
19774,The Haddad Apparel Group Ltd.,true,28605,https://www.haddad.com/page/supply-chains-act,,,"Textiles, Apparel & Luxury Goods",United States,false,false,true,false,2016
19776,Haggar Clothing Co. Inc.,true,28607,https://www.haggar.com/customer-service/corporate-information/ca-supply-chain-act.html?lang=default&display=corp&subdisplay=legal,,,"Textiles, Apparel & Luxury Goods",United States,false,false,true,false,2016
19796,Harry Winston Inc.,true,28627,http://www.harrywinston.com/en/california-transparency-supply-chains-act-disclosure,,,"Textiles, Apparel & Luxury Goods",United States,false,false,true,false,2016
19808,Hermès Group,true,28639,https://www.hermes.com/us/en/california-transparency-supply-chains-act/,,,"Textiles, Apparel & Luxury Goods",France,false,false,true,false,2018
19828,Hollander Sleep Products LLC,true,28659,https://www.hollander.com/transparency/,,,"Textiles, Apparel & Luxury Goods",United States,false,false,true,false,2016
19927,James Perse Enterprises Inc.,true,28758,https://www.jamesperse.com/company/social-responsibility,,,"Textiles, Apparel & Luxury Goods",United States,false,false,true,false,2016
19937,Jerry Leigh of California Inc.,true,28768,http://www.jerryleigh.com/responsibilities/#transparency_in_supply_chain_act,,,"Textiles, Apparel & Luxury Goods",United States,false,false,true,false,2016
19945,John Varvatos Enterprises Inc.,true,28776,https://www.johnvarvatos.com/Legal_SocialResponsibility.html,,,"Textiles, Apparel & Luxury Goods",United States,false,false,true,false,2016
19965,Karen Kane Inc.,true,28796,https://www.karenkane.com/corporate-responsibility/california-transparency-in-supply-chain-act/,,,"Textiles, Apparel & Luxury Goods",United States,false,false,true,false,2016
19997,Kodiak-Terra USA Inc.,true,28828,https://www.kodiakboots.com/california-supply-chain-act.html,,,"Textiles, Apparel & Luxury Goods",United States,false,false,true,false,2016
20020,Lacoste S.A.,true,28851,https://www.lacoste.com/us/SocialResponsibility.html,,,"Textiles, Apparel & Luxury Goods",France,false,false,true,false,2016
20021,LaCrosse Footwear Inc.,true,28852,https://lacrossefootwear.zendesk.com/hc/en-us/articles/202454370-California-transparency-statement,,,"Textiles, Apparel & Luxury Goods",United States,false,false,true,false,2016
20073,Lucky Brand LLC,true,28905,https://www.luckybrand.com/social-responsibility/social-responsibility.html,,,"Textiles, Apparel & Luxury Goods",United States,false,false,true,false,2016
20086,Madewell Inc.,true,28918,https://www.madewell.com/flatpages/social_res_april4.jsp,,,"Textiles, Apparel & Luxury Goods",United States,false,false,true,false,2016
20090,Manhattan Beachwear Inc.,true,28922,https://www.mbwswim.com/california-transparency-in-supply-chain-act/,,,"Textiles, Apparel & Luxury Goods",United States,false,false,true,false,2016
20093,Marc Fisher Footwear LLC,true,28925,http://marcfisherfootwearcorp.com/corporate-and-social-responsibility-statement/,,,"Textiles, Apparel & Luxury Goods",United States,false,false,true,false,2016
20094,Marc Jacobs International LLC ,true,28926,https://www.marcjacobs.com/legal-copy/ca-sb-657.html,,,"Textiles, Apparel & Luxury Goods",United States,false,true,true,false,2016
20145,Mias Fashion Manufacturing Company Inc. ,true,28978,http://miasfashion.com/ca.php,,,"Textiles, Apparel & Luxury Goods",United States,false,false,true,false,2014
20178,Mount Vernon Mills Inc.,true,29011,https://www.mvmills.com/content/california-transparency-in-supply-chain-act,,,"Textiles, Apparel & Luxury Goods",United States,false,false,true,false,2016
20231,NIKE Inc.,true,29066,https://help-en-us.nike.com/app/answers/detail/article/supply-chain/,,,"Textiles, Apparel & Luxury Goods",United States,false,true,true,false,2018
20339,"Perry Ellis International, Inc.",true,29193,http://www.rafaellasportswear.com/ca_transparency.asp,,,"Textiles, Apparel & Luxury Goods",United States,false,false,true,false,2016
20353,PVH Corporation (Phillips Van Heusen),true,29214,https://www.pvh.com/ca-transparency-disclosure,,,"Textiles, Apparel & Luxury Goods",United States,false,true,true,false,2016-2017
20356,Pin Up Girl Inc.,true,29219,https://www.pinupgirlclothing.com/corporate-policy-legal,,,"Textiles, Apparel & Luxury Goods",United States,false,false,true,false,2016
20365,"Polartec, LLC",true,29235,http://polartec.com/sb-657,,,"Textiles, Apparel & Luxury Goods",United States,false,false,true,false,2016
20378,"prAna Living, LLC",true,29253,https://global.prana.com/california-transparency-act,,,"Textiles, Apparel & Luxury Goods",United States,false,false,true,false,2016
20411,"Boardriders, Inc. (t/a Quicksilver)",true,30250,https://www.quiksilver.co.uk/customer-modern-slavery-act-statement.html,,,"Textiles, Apparel & Luxury Goods",United States,false,true,false,false,2016-2017
20411,"Boardriders, Inc. (t/a Quicksilver)",true,29297,https://www.quiksilver.com/california-supply-chains-act.html,,,"Textiles, Apparel & Luxury Goods",United States,false,false,true,false,2016
20424,Randa Corporation,true,29318,http://new.randa.net/wp-content/uploads/2017/11/California_Transparency_in_Supply_Chain.pdf,,,"Textiles, Apparel & Luxury Goods",United States,false,false,true,false,2016
20446,Renfro Corporation,true,29344,https://www.renfro.com/california-transparency-in-supply-chains-act/,,,"Textiles, Apparel & Luxury Goods",United States,false,false,true,false,2016
20459,R.G. Barry Corporation,true,29358,https://www.rgbarry.com/transparency-supply-chain/,,,"Textiles, Apparel & Luxury Goods",United States,false,false,true,false,2016
20468,"Rockport Company, LLC (The)",true,29371,https://www.rockport.com/california-transparency.html,,,"Textiles, Apparel & Luxury Goods",United States,false,false,true,false,2016
20499,Salvatore Ferragamo S.p.A. ,true,29411,https://www.ferragamo.com/shop/us/en/sf/legal/the-california-transparency-in-supply-chains-act-of-2010--4250,,,"Textiles, Apparel & Luxury Goods",Italy,false,false,true,false,2016
20505,San Mar Corporation,true,29418,https://www.sanmar.com/resources/compliance/factorymonitoring#supplychain,,,"Textiles, Apparel & Luxury Goods",United States,false,false,true,false,2016
20506,SanMar Corporation ,true,29419,https://www.sanmar.com/resources/compliance/factorymonitoring#supplychain,,,"Textiles, Apparel & Luxury Goods",United States,false,false,true,false,2016
20605,"Skechers U.S.A., Inc.",true,38698,https://sh.skechers.com/skechers/new-site/UK-Modern-Slavery-Act-4-22-19.pdf,"",,"Textiles, Apparel & Luxury Goods",United States,false,true,false,false,2018
20605,"Skechers U.S.A., Inc.",true,30776,https://sh.skechers.com/skechers/new-site/UKModernSlaveryAct2018.pdf,,,"Textiles, Apparel & Luxury Goods",United States,false,true,false,false,2017
20605,"Skechers U.S.A., Inc.",true,29542,http://phx.corporate-ir.net/External.File?item=UGFyZW50SUQ9MTIwMDY2fENoaWxkSUQ9LTF8VHlwZT0z&t=1,,,"Textiles, Apparel & Luxury Goods",United States,false,false,true,false,2016
20620,"Sole Technology, Inc.",true,29564,https://www.soletechnology.com/legal/sb657.aspx,,,"Textiles, Apparel & Luxury Goods",United States,false,false,true,false,2016
20635,"Spanx, Inc.",true,29582,https://www.spanx.com/california-transparency-act,,,"Textiles, Apparel & Luxury Goods",United States,false,false,true,false,2016
20661,Global Brands Group Holding Ltd. (t/a Spyder Active Sports Inc.),true,29615,https://www.spyder.com/california-transparency-act,,,"Textiles, Apparel & Luxury Goods",United States,false,false,true,false,2016
20697,"Stuart Weitzman Holdings, LLC",true,29659,https://www.stuartweitzman.com/service/california_transparency/,,,"Textiles, Apparel & Luxury Goods",United States,false,false,true,false,2016
20732,"Targus, Inc.",true,29709,https://www.targus.com/content/images/uploaded/targus_supply_chain_transparency.pdf,,,"Textiles, Apparel & Luxury Goods",United States,false,false,true,false,2016
20770,"Tommy Bahama Group, Inc.",true,29754,https://www.tommybahama.com/ca-supply-chain-act,,,"Textiles, Apparel & Luxury Goods",United States,false,false,true,false,2016
20778,Topson Downs Of California Inc.,true,29761,https://static1.squarespace.com/static/5015b57f84aea2baf5a63b85/t/52d4d7b8e4b08744b39b4272/1389680568410/TDSR.pdf,,,"Textiles, Apparel & Luxury Goods",United States,false,false,true,false,2016
20807,"True Religion Apparel, Inc.",true,29795,https://www.business-humanrights.org/sites/default/files/California%20Supply%20Chains%20Act%20-%20True%20Religion_0.pdf,,,"Textiles, Apparel & Luxury Goods",United States,false,false,true,false,2016
20868,Van de Velde NV,true,29869,https://www.vandevelde.eu/en/supply-chain,,,"Textiles, Apparel & Luxury Goods",Belgium,false,false,true,false,2016
20877,Velcro USA Inc.,true,29878,https://www.velcro.com/about-us/corporate-social-responsibility/california-transparency-in-supply-chains,,,"Textiles, Apparel & Luxury Goods",United States,false,false,true,false,2016
20881,"Vera Bradley, Inc.",true,29885,https://www.verabradley.com/us/static/customerservice/supplychain,,,"Textiles, Apparel & Luxury Goods",United States,false,false,true,false,2016
20894,Vince Holding Corp.,true,29900,https://www.vince.com/supplychain-policy.html,,,"Textiles, Apparel & Luxury Goods",United States,false,false,true,false,2016
20907,"Volcom, Inc.",true,29923,https://www.volcom.com/truetothis/california-sb657-disclosure/,,,"Textiles, Apparel & Luxury Goods",United States,false,false,true,false,2016
20963,Williamson-Dickie Manufacturing Company,true,30001,https://www.dickies.com/ca-supply-chains-act.html,,,"Textiles, Apparel & Luxury Goods",United States,false,false,true,false,2016
21017,The Collected Group Retail LLC,true,30104,https://www.currentelliott.com/ctsca,,,"Textiles, Apparel & Luxury Goods",United States,false,false,true,false,2016
21019,"Superior Group of Companies, Inc.",true,30112,https://superiorgroupofcompanies.com/california-transparency-in-supply-chains-act/,,,"Textiles, Apparel & Luxury Goods",United States,false,false,true,false,2016
21044,ECCO Sko A/S,true,30185,http://media.ecco.com/GroupCommunication/modern_slavery_statement/,,,"Textiles, Apparel & Luxury Goods",Denmark,false,true,false,false,2017
21044,ECCO Sko A/S,true,30221,http://media.ecco.com/GroupCommunication/Modern_Slavery_Statement_2016/,,,"Textiles, Apparel & Luxury Goods",Denmark,false,true,false,false,2016
21139,Cleland McIver Limited,true,35086,http://clelandmciver.co.uk/social-compliance-modern-day-slavery-human-trafficking-policy/,,01689093,"Textiles, Apparel & Luxury Goods",United Kingdom,false,true,false,false,2017-2018
21139,Cleland McIver Limited,true,30383,http://clelandmciver.co.uk/social-compliance-modern-day-slavery-human-trafficking-policy/,,01689093,"Textiles, Apparel & Luxury Goods",United Kingdom,false,true,false,false,2016
21197,G-III Apparel Group,true,30469,https://www.giii.com/ca-657-statement/,,,"Textiles, Apparel & Luxury Goods",United States,false,false,true,false,""
21335,Warehouse Fashion Limited,true,30707,https://www.warehouse.co.uk/on/demandware.static/-/Library-Sites-WarehouseSharedLibrary/en_GB/v1538978813478/TsCs-PDFs/Warehouse%20MS%20statement%202017-8.pdf,,,"Textiles, Apparel & Luxury Goods",United Kingdom,false,true,false,false,2017-2018
21374,Galaxy Topco Ltd,true,30779,https://www.hotter.com/wcsstore/HotterStorefrontAssetStore/content/images/StaticPages/modern-slavery/ModernSlaveryAct.pdf,,08812566,"Textiles, Apparel & Luxury Goods",United Kingdom,false,true,false,false,2016-2017
25203,Beaconsfield Footwear Ltd,false,30779,https://www.hotter.com/wcsstore/HotterStorefrontAssetStore/content/images/StaticPages/modern-slavery/ModernSlaveryAct.pdf,,00641365,Industry unknown,Country unknown,true,true,false,false,2016-2017
21419,Quiz plc,true,32713,https://www.quizgroup.co.uk/wp-content/uploads/2018/09/Modern-Slavery-Statement-2018.pdf,,,"Textiles, Apparel & Luxury Goods",United Kingdom,false,true,false,false,2017-2018
25260,Kast Retail Limited,false,32713,https://www.quizgroup.co.uk/wp-content/uploads/2018/09/Modern-Slavery-Statement-2018.pdf,,,"Textiles, Apparel & Luxury Goods",United Kingdom,true,true,false,false,2017-2018
21419,Quiz plc,true,30873,https://www.quizgroup.co.uk/wp-content/uploads/2017/10/Quiz-Modern-Slavery-Statement.pdf,,,"Textiles, Apparel & Luxury Goods",United Kingdom,false,true,false,false,2016-2017
25260,Kast Retail Limited,false,30873,https://www.quizgroup.co.uk/wp-content/uploads/2017/10/Quiz-Modern-Slavery-Statement.pdf,,,"Textiles, Apparel & Luxury Goods",United Kingdom,true,true,false,false,2016-2017
21430,Rowlinson Knitwear Limited,true,38461,https://www.rowlinson-knitwear.com/images/pdfs/rowlinson_modern_day_slavery_policy_2019.pdf,,01072854,"Textiles, Apparel & Luxury Goods",United Kingdom,false,true,false,false,2018-2019
21430,Rowlinson Knitwear Limited,true,30890,http://www.rowlinson-knitwear.com/images/pdfs/rowlinson_modern-slavery_policy.pdf,,01072854,"Textiles, Apparel & Luxury Goods",United Kingdom,false,true,false,false,2017
21603,ASICS Corporation,true,31102,https://www.asics.com/on/demandware.static/-/Sites-asics-eu-Library/default/1_asics/Anti%20slavery%20act%20statement.pdf?,,,"Textiles, Apparel & Luxury Goods",Japan,false,true,true,false,2017
21604,ASICS America Corporation,true,31103,https://www.asics.com/us/en-us/california-laws,,,"Textiles, Apparel & Luxury Goods",United States,false,false,true,false,""
21606,Hanesbrands Inc.,true,31108,http://hanesforgood.com/social-responsibility/california-transparency-in-supply-chains-act/,,,"Textiles, Apparel & Luxury Goods",United States,false,false,true,false,2016
21610,Li & Fung Ltd,true,37699,https://www.lifung.com/wp-content/uploads/2019/08/LF-Modern-Slavery-Statement-2019-FINAL.pdf,,,"Textiles, Apparel & Luxury Goods",Hong Kong,false,true,true,false,2018
21610,Li & Fung Ltd,true,31116,https://www.lifung.com/wp-content/uploads/2018/03/Disclosure-statement-on-modern-slavery.pdf,,,"Textiles, Apparel & Luxury Goods",Hong Kong,false,true,true,false,2017
22194,Berluti S.A.,true,31837,https://www.berluti.com/on/demandware.static/-/Library-Sites-BerlutiSharedLibrary/default/dw67a57417/pdf/UK%20Modern%20Slavery%20Act.pdf,,,"Textiles, Apparel & Luxury Goods",France,false,true,false,false,2017
22195,Bulgari S.p.A.,true,31838,https://www.bulgari.com/download/pdf/MSA_statement_final_16102018.pdf,,,"Textiles, Apparel & Luxury Goods",Italy,false,true,true,false,2017
22242,Globus (Shetland) Limited,true,32789,https://www.globus.co.uk/assets/files/Modern%20Slavery%20Act%20Transparency%20Statement%202019.pdf,,SC149147 ,"Textiles, Apparel & Luxury Goods",United Kingdom,false,true,false,false,2018-2019
26327,Alpha Solway Ltd,false,32789,https://www.globus.co.uk/assets/files/Modern%20Slavery%20Act%20Transparency%20Statement%202019.pdf,,SC177721,Commercial Services & Supplies,United Kingdom,true,true,false,false,2018-2019
26328,ENHA GmbH,false,32789,https://www.globus.co.uk/assets/files/Modern%20Slavery%20Act%20Transparency%20Statement%202019.pdf,,,Industry unknown,Country unknown,true,true,false,false,2018-2019
25627,Globus EMEA FZE,false,32789,https://www.globus.co.uk/assets/files/Modern%20Slavery%20Act%20Transparency%20Statement%202019.pdf,,,Industry unknown,Country unknown,true,true,false,false,2018-2019
22242,Globus (Shetland) Limited,true,31908,https://www.globus.co.uk/assets/files/Slavery-and-Human-Trafficking-Statement-2017-18.pdf,,SC149147 ,"Textiles, Apparel & Luxury Goods",United Kingdom,false,true,false,false,2017-2018
25628,Alpha Solway Ltdm ENHA GmbH,false,31908,https://www.globus.co.uk/assets/files/Slavery-and-Human-Trafficking-Statement-2017-18.pdf,,,Industry unknown,Country unknown,true,true,false,false,2017-2018
25627,Globus EMEA FZE,false,31908,https://www.globus.co.uk/assets/files/Slavery-and-Human-Trafficking-Statement-2017-18.pdf,,,Industry unknown,Country unknown,true,true,false,false,2017-2018
22242,Globus (Shetland) Limited,true,32898,https://www.riley-eyewear.com/assets/files/Globus%20Group_Slavey%20and%20Human%20Trafficking%20Statement-201609.pdf,,SC149147 ,"Textiles, Apparel & Luxury Goods",United Kingdom,false,true,false,false,2016-2017
22245,TechStyle Inc.,true,31911,https://techstylefashiongroup.com/california-act/,,,"Textiles, Apparel & Luxury Goods",United States,false,false,true,false,2016
22358,Boodle & Dunthorne Limited,true,32068,https://media.boodles.com/wp/uploads/2017/04/Boodles-Modern-Slavery-Act.pdf,,00472968,"Textiles, Apparel & Luxury Goods",United Kingdom,false,true,false,false,2017
22387,Dewhirst Group Limited,true,32136,http://www.dewhirst.com/wp-content/uploads/2018/12/Modern-Slavery-Act.pdf,,01063766,"Textiles, Apparel & Luxury Goods",United Kingdom,false,true,false,false,2017
25941,Castlecrafts Limited,false,32136,http://www.dewhirst.com/wp-content/uploads/2018/12/Modern-Slavery-Act.pdf,,,Industry unknown,Country unknown,true,true,false,false,2017
25940,Drifford Group Limited,false,32136,http://www.dewhirst.com/wp-content/uploads/2018/12/Modern-Slavery-Act.pdf,,07998509,Industry unknown,Country unknown,true,true,false,false,2017
22775,Monica Vinader Limited,true,32757,https://help.monicavinader.com/en/support/solutions/articles/27000053810-monica-vinader-modern-slavery-act-statement,,04428116,"Textiles, Apparel & Luxury Goods",United Kingdom,false,true,false,false,2018
22875,Gymshark Limited,true,32892,https://uk.gymshark.com/pages/uk-modern-slavery-act-disclosure,,,"Textiles, Apparel & Luxury Goods",United Kingdom,false,true,false,false,2017-2018
26506,Richemont UK Limited,true,33069,https://www.business-humanrights.org/sites/default/files/Richemont%20UK%20Limited_Modern%20Slavery%20Statement_2018.pdf,,03484692,"Textiles, Apparel & Luxury Goods",United Kingdom,false,true,false,false,2017-2018
26506,Richemont UK Limited,true,33068,https://www.business-humanrights.org/sites/default/files/Richemont%20UK%20Limited_Modern%20Slavery%20Statement_SIGNED.pdf,,03484692,"Textiles, Apparel & Luxury Goods",United Kingdom,false,true,false,false,2016-2017
26506,Richemont UK Limited,true,33067,https://www.business-humanrights.org/sites/default/files/Richemont%20UK%20Limited%E2%80%99s%20_Modern%20Slavery%20Statement_SIGNED.pdf,,03484692,"Textiles, Apparel & Luxury Goods",United Kingdom,false,true,false,false,2015-2016
26507,Cartier Limited,true,33072,https://www.business-humanrights.org/sites/default/files/2018.10.04_Cartier%20Limited_Modern%20Slavery%20Statement_SIGNED.pdf,,00157267,"Textiles, Apparel & Luxury Goods",United Kingdom,false,true,false,false,2017-2018
26507,Cartier Limited,true,33071,https://www.business-humanrights.org/sites/default/files/2017.03.31_Cartier%20Limited_Modern%20Slavery%20Statement_SIGNED.pdf,,00157267,"Textiles, Apparel & Luxury Goods",United Kingdom,false,true,false,false,2016-2017
26507,Cartier Limited,true,33070,https://www.business-humanrights.org/sites/default/files/2016.10.17_Cartier%20Limited_Modern%20Slavery%20Statement_SIGNED.pdf,,00157267,"Textiles, Apparel & Luxury Goods",United Kingdom,false,true,false,false,2015-2016
26526,LVMH Watch & Jewellery (UK) Limited,true,33098,https://www.business-humanrights.org/sites/default/files/LVMH%20Modern%20Slavery%20Statement%202017%20%28SIGNED%29.pdf,,01620385,"Textiles, Apparel & Luxury Goods",United Kingdom,false,true,false,false,2017
26526,LVMH Watch & Jewellery (UK) Limited,true,33097,https://www.business-humanrights.org/sites/default/files/LVMH%20Modern%20Slavery%20Statement%202016%20%28SIGNED%29.pdf,,01620385,"Textiles, Apparel & Luxury Goods",United Kingdom,false,true,false,false,2016
26746,Harley-Davidson Footwear,true,33287,https://www.harley-davidsonfootwear.com/US/en/content?caid=ca-supply-chain-transparency,,,"Textiles, Apparel & Luxury Goods",United States,false,false,true,false,2016
26948,Brindleclass Limited,true,33488,https://www.business-humanrights.org/sites/default/files/BRINDLECLASS%20LIMITED%20MODERN%20SLAVERY%20STATEMENT%202018.pdf,,01505901,"Textiles, Apparel & Luxury Goods",United Kingdom,false,true,false,false,2017-2018
27693,Myddleton London Limited,false,33488,https://www.business-humanrights.org/sites/default/files/BRINDLECLASS%20LIMITED%20MODERN%20SLAVERY%20STATEMENT%202018.pdf,,,"Textiles, Apparel & Luxury Goods",United Kingdom,true,true,false,false,2017-2018
26982,John Cotton Group Limited,true,33531,https://johncotton.co.uk/images/uploads/miscellaneous/MODERN_SLAVERY_ACT_SIGNED_MARCH_19.pdf,,00273492,"Textiles, Apparel & Luxury Goods",United Kingdom,false,true,false,false,2018
27070,Colomer Munmany Europe Company Limited,true,33613,https://www.business-humanrights.org/sites/default/files/Colomer%20Modern%20slavery%20statement%2018-19.pdf,,08106006,"Textiles, Apparel & Luxury Goods",United Kingdom,false,true,false,false,2018
27071,Marshall Farmer Limited,false,33613,https://www.business-humanrights.org/sites/default/files/Colomer%20Modern%20slavery%20statement%2018-19.pdf,,01254460,"Textiles, Apparel & Luxury Goods",United Kingdom,true,true,false,false,2018
27221,Bravado International Group Limited,true,33758,https://www.business-humanrights.org/sites/default/files/Modern%20Slavery%20Statement%202019%20-%20Bravado%20International%20Group.pdf,,02754921,"Textiles, Apparel & Luxury Goods",United Kingdom,false,true,false,false,2019
27983,The Collected Group Company LLC,true,34425,https://www.currentelliott.com/social-responsibility,,,"Textiles, Apparel & Luxury Goods",United States,false,true,true,false,""
28358,L. L. Bean Inc.,true,34848,https://www.llbean.com/dept_resources/shared/LLBean-CA-UK-Disclosure-7-2017.pdf,,,"Textiles, Apparel & Luxury Goods",United States,false,false,true,false,2016
28370,J.D.McDougall Limited,true,34863,https://www.mcdougall.co.uk/modern-slavery-human-trafficking-statement/,,00345088,"Textiles, Apparel & Luxury Goods",United Kingdom,false,true,false,false,2018
28841,Gucci,true,35225,http://equilibrium.gucci.com/wp-content/uploads/2019/04/Gucci-modern-slavery-statement.pdf,,,"Textiles, Apparel & Luxury Goods",Italy,false,true,false,false,2018
30404,Fraser Hart Ltd,true,36488,https://www.business-humanrights.org/sites/default/files/Fraser%20Hart%20Group%20Modern%20Slavery%20Act%202015%20%E2%80%93%20Transparency%20Statement.pdf,,SC018475,"Textiles, Apparel & Luxury Goods",United Kingdom,false,true,false,false,2018-2019
30464,Mango MNG Holding SA,true,36553,https://ak.p2.mango.com/mangoapp/images/CATSHE102018SITEEMPRESA/Modern-Slavery-Report.pdf,,"","Textiles, Apparel & Luxury Goods",Spain,false,true,false,false,""
30621, International Management Group (UK) Limited,true,36643,https://www.img-studios.com/modern-slavery-statement/,,00946580,"Textiles, Apparel & Luxury Goods",United Kingdom,false,true,false,false,2018
30620,IMG Media Limited,false,36643,https://www.img-studios.com/modern-slavery-statement/,,04459066,Media,United Kingdom,true,true,false,false,2018
32186,Greenwood and Coope Limited,true,38274,https://www.business-humanrights.org/sites/default/files/Privacy%20Policy%20_%20Gender%20Pay%20_%20Cormar%20Carpets.pdf,,00200956,"Textiles, Apparel & Luxury Goods",United Kingdom,false,true,false,false,2018
